pet,frame,pose,visible_width_px,visible_height_px,width_height_ratio,baseline_px
dog,0,front,266,241,1.1037,16
dog,1,front,266,243,1.0947,16
dog,2,front,268,243,1.1029,16
dog,3,front,269,243,1.1070,16
dog,4,walk,222,244,0.9098,16
dog,5,walk,227,246,0.9228,16
dog,6,walk,221,244,0.9057,16
dog,7,walk,228,245,0.9306,16
dog,8,walk,225,240,0.9375,16
dog,9,walk,228,245,0.9306,16
dog,10,walk,223,239,0.9331,16
dog,11,walk,224,241,0.9295,16
dog,12,walk,229,242,0.9463,16
dog,13,walk,232,242,0.9587,16
dog,14,walk,224,243,0.9218,16
dog,15,walk,240,244,0.9836,16
cat,0,front,217,272,0.7978,16
cat,1,front,221,271,0.8155,16
cat,2,front,220,275,0.8000,16
cat,3,front,222,272,0.8162,16
cat,4,walk,260,262,0.9924,16
cat,5,walk,253,261,0.9693,16
cat,6,walk,268,258,1.0388,16
cat,7,walk,254,261,0.9732,16
cat,8,walk,269,258,1.0426,16
cat,9,walk,260,258,1.0078,16
cat,10,walk,262,258,1.0155,16
cat,11,walk,253,260,0.9731,16
cat,12,walk,270,258,1.0465,16
cat,13,walk,256,259,0.9884,16
cat,14,walk,267,261,1.0230,16
cat,15,walk,245,257,0.9533,16
shiba,0,front,208,258,0.8062,16
shiba,1,front,211,259,0.8147,16
shiba,2,front,210,259,0.8108,16
shiba,3,front,207,258,0.8023,16
shiba,4,walk,229,250,0.9160,16
shiba,5,walk,248,248,1.0000,16
shiba,6,walk,234,250,0.9360,16
shiba,7,walk,228,248,0.9194,16
shiba,8,walk,232,248,0.9355,16
shiba,9,walk,245,246,0.9959,16
shiba,10,walk,237,248,0.9556,16
shiba,11,walk,237,247,0.9595,16
shiba,12,walk,235,247,0.9514,16
shiba,13,walk,247,246,1.0041,16
shiba,14,walk,236,247,0.9555,16
shiba,15,walk,233,247,0.9433,16
penguin,0,front,221,248,0.8911,16
penguin,1,front,212,248,0.8548,16
penguin,2,front,214,247,0.8664,16
penguin,3,front,201,248,0.8105,16
penguin,4,walk,211,251,0.8406,16
penguin,5,walk,212,250,0.8480,16
penguin,6,walk,214,250,0.8560,16
penguin,7,walk,209,250,0.8360,16
penguin,8,walk,212,245,0.8653,16
penguin,9,walk,214,244,0.8770,16
penguin,10,walk,212,246,0.8618,16
penguin,11,walk,209,245,0.8531,16
penguin,12,walk,213,243,0.8765,16
penguin,13,walk,213,245,0.8694,16
penguin,14,walk,212,246,0.8618,16
penguin,15,walk,211,245,0.8612,16
chick,0,front,206,275,0.7491,16
chick,1,front,216,272,0.7941,16
chick,2,front,206,271,0.7601,16
chick,3,front,207,271,0.7638,16
chick,4,walk,215,266,0.8083,16
chick,5,walk,219,265,0.8264,16
chick,6,walk,206,264,0.7803,16
chick,7,walk,218,269,0.8104,16
chick,8,walk,220,266,0.8271,16
chick,9,walk,221,260,0.8500,16
chick,10,walk,203,263,0.7719,16
chick,11,walk,222,267,0.8315,16
chick,12,walk,219,260,0.8423,16
chick,13,walk,217,260,0.8346,16
chick,14,walk,209,260,0.8038,16
chick,15,walk,218,260,0.8385,16
turtle,0,front,237,212,1.1179,16
turtle,1,front,238,212,1.1226,16
turtle,2,front,236,212,1.1132,16
turtle,3,front,236,212,1.1132,16
turtle,4,walk,245,211,1.1611,16
turtle,5,walk,244,215,1.1349,16
turtle,6,walk,243,212,1.1462,16
turtle,7,walk,245,218,1.1239,16
turtle,8,walk,248,215,1.1535,16
turtle,9,walk,249,216,1.1528,16
turtle,10,walk,249,219,1.1370,16
turtle,11,walk,247,215,1.1488,16
turtle,12,walk,248,218,1.1376,16
turtle,13,walk,245,216,1.1343,16
turtle,14,walk,245,214,1.1449,16
turtle,15,walk,244,217,1.1244,16
hamster,0,front,203,239,0.8494,16
hamster,1,front,207,240,0.8625,16
hamster,2,front,206,239,0.8619,16
hamster,3,front,202,237,0.8523,16
hamster,4,walk,220,222,0.9910,16
hamster,5,walk,223,220,1.0136,16
hamster,6,walk,217,223,0.9731,16
hamster,7,walk,217,222,0.9775,16
hamster,8,walk,228,219,1.0411,16
hamster,9,walk,222,217,1.0230,16
hamster,10,walk,220,222,0.9910,16
hamster,11,walk,224,219,1.0228,16
hamster,12,walk,216,220,0.9818,16
hamster,13,walk,221,219,1.0091,16
hamster,14,walk,217,224,0.9688,16
hamster,15,walk,219,219,1.0000,16
snow_ferret,0,front,248,218,1.1376,16
snow_ferret,1,front,256,218,1.1743,16
snow_ferret,2,front,259,219,1.1826,16
snow_ferret,3,front,255,218,1.1697,16
snow_ferret,4,walk,286,209,1.3684,16
snow_ferret,5,walk,288,209,1.3780,16
snow_ferret,6,walk,290,209,1.3876,16
snow_ferret,7,walk,289,211,1.3697,16
snow_ferret,8,walk,292,212,1.3774,16
snow_ferret,9,walk,291,211,1.3791,16
snow_ferret,10,walk,292,211,1.3839,16
snow_ferret,11,walk,290,211,1.3744,16
snow_ferret,12,walk,293,212,1.3821,16
snow_ferret,13,walk,290,210,1.3810,16
snow_ferret,14,walk,291,211,1.3791,16
snow_ferret,15,walk,290,209,1.3876,16
fox,0,front,242,263,0.9202,16
fox,1,front,238,263,0.9049,16
fox,2,front,239,263,0.9087,16
fox,3,front,230,262,0.8779,16
fox,4,walk,251,270,0.9296,16
fox,5,walk,252,272,0.9265,16
fox,6,walk,259,272,0.9522,16
fox,7,walk,255,273,0.9341,16
fox,8,walk,251,271,0.9262,16
fox,9,walk,254,272,0.9338,16
fox,10,walk,252,272,0.9265,16
fox,11,walk,251,270,0.9296,16
fox,12,walk,245,262,0.9351,16
fox,13,walk,250,262,0.9542,16
fox,14,walk,251,266,0.9436,16
fox,15,walk,249,264,0.9432,16
panda,0,front,224,247,0.9069,16
panda,1,front,224,247,0.9069,16
panda,2,front,225,248,0.9073,16
panda,3,front,221,247,0.8947,16
panda,4,walk,196,262,0.7481,16
panda,5,walk,196,262,0.7481,16
panda,6,walk,199,259,0.7683,16
panda,7,walk,201,259,0.7761,16
panda,8,walk,203,262,0.7748,16
panda,9,walk,202,256,0.7891,16
panda,10,walk,198,260,0.7615,16
panda,11,walk,197,260,0.7577,16
panda,12,walk,196,244,0.8033,16
panda,13,walk,203,258,0.7868,16
panda,14,walk,202,255,0.7922,16
panda,15,walk,196,259,0.7568,16
sheep,0,front,249,243,1.0247,16
sheep,1,front,249,243,1.0247,16
sheep,2,front,250,243,1.0288,16
sheep,3,front,247,243,1.0165,16
sheep,4,walk,251,239,1.0502,16
sheep,5,walk,250,238,1.0504,16
sheep,6,walk,252,239,1.0544,16
sheep,7,walk,251,238,1.0546,16
sheep,8,walk,249,235,1.0596,16
sheep,9,walk,249,234,1.0641,16
sheep,10,walk,249,236,1.0551,16
sheep,11,walk,248,235,1.0553,16
sheep,12,walk,250,235,1.0638,16
sheep,13,walk,249,235,1.0596,16
sheep,14,walk,250,235,1.0638,16
sheep,15,walk,250,235,1.0638,16
deer,0,front,207,272,0.7610,16
deer,1,front,203,270,0.7519,16
deer,2,front,212,271,0.7823,16
deer,3,front,203,270,0.7519,16
deer,4,walk,221,270,0.8185,16
deer,5,walk,217,275,0.7891,16
deer,6,walk,220,274,0.8029,16
deer,7,walk,212,273,0.7766,16
deer,8,walk,224,272,0.8235,16
deer,9,walk,229,272,0.8419,16
deer,10,walk,225,273,0.8242,16
deer,11,walk,224,269,0.8327,16
deer,12,walk,218,271,0.8044,16
deer,13,walk,218,268,0.8134,16
deer,14,walk,216,270,0.8000,16
deer,15,walk,230,271,0.8487,16
raccoon,0,front,230,249,0.9237,16
raccoon,1,front,230,251,0.9163,16
raccoon,2,front,229,251,0.9124,16
raccoon,3,front,231,250,0.9240,16
raccoon,4,walk,258,249,1.0361,16
raccoon,5,walk,266,251,1.0598,16
raccoon,6,walk,261,246,1.0610,16
raccoon,7,walk,258,247,1.0445,16
raccoon,8,walk,261,246,1.0610,16
raccoon,9,walk,260,253,1.0277,16
raccoon,10,walk,262,247,1.0607,16
raccoon,11,walk,259,248,1.0444,16
raccoon,12,walk,262,242,1.0826,16
raccoon,13,walk,264,245,1.0776,16
raccoon,14,walk,264,245,1.0776,16
raccoon,15,walk,258,247,1.0445,16
dragon,0,front,258,246,1.0488,16
dragon,1,front,261,249,1.0482,16
dragon,2,front,252,247,1.0202,16
dragon,3,front,243,251,0.9681,16
dragon,4,walk,273,251,1.0876,16
dragon,5,walk,256,255,1.0039,16
dragon,6,walk,274,256,1.0703,16
dragon,7,walk,266,255,1.0431,16
dragon,8,walk,269,247,1.0891,16
dragon,9,walk,270,249,1.0843,16
dragon,10,walk,268,250,1.0720,16
dragon,11,walk,265,249,1.0643,16
dragon,12,walk,273,248,1.1008,16
dragon,13,walk,268,248,1.0806,16
dragon,14,walk,261,246,1.0610,16
dragon,15,walk,265,244,1.0861,16
